Model,Accuracy,Precision,Recall,F1 Score
SVM,0.7808219178082192,0.8392694063926941,0.7808219178082192,0.7500848350627779
Random Forest,0.7602739726027398,0.768215682418999,0.7602739726027398,0.7355667073556671
