Model,Accuracy,Precision,Recall,F1 Score
SVM,0.7808219178082192,0.8392694063926941,0.7808219178082192,0.7500848350627779
Random Forest,0.773972602739726,0.7701141552511417,0.773972602739726,0.7664289265691704
